{
  "slot_A": {
    "name": "A",
    "balance_quote": 0.20500368999999807,
    "position": {
      "symbol": "HOMEUSDT",
      "entry_price": 0.03122,
      "qty_base": 409.0,
      "entry_quote_spent": 12.76898,
      "opened_at_ts": 1760559765,
      "slot": "A",
      "open_1m": 0.03121,
      "tp_price": 0.0318444,
      "sl_stop": 0.030907800000000003,
      "client_order_id": "XtolarZSsH7HVIi5vMpScX",
      "oco_list_id": null
    }
  },
  "slot_B": {
    "name": "B",
    "balance_quote": 0.19372368999999878,
    "position": {
      "symbol": "SOLVUSDT",
      "entry_price": 0.01923218045112782,
      "qty_base": 665.0,
      "entry_quote_spent": 12.7894,
      "opened_at_ts": 1760559727,
      "slot": "B",
      "open_1m": 0.019174999999999998,
      "tp_price": 0.019616824060150376,
      "sl_stop": 0.01903985864661654,
      "client_order_id": "FN8uLBKtg1HtARYC2ZcWDI",
      "oco_list_id": null
    }
  },
  "pnl_today_quote": -0.00914000000000037,
  "capital_day_start_quote": 25.96624738,
  "freeze_buy": false,
  "banned_until_3am": [
    "SOLVUSDT",
    "HOMEUSDT",
    "ASTERUSDT"
  ],
  "next_reset_epoch": 1760572800,
  "midday_rebalance_on_both_free": true
}